Id,Value
1,0.0
2,0.0
3,0.0
4,0.0
5,0.0
6,0.0
7,-2.418370662400003
8,-2.3639511040000003
9,-2.418370662400003
10,-2.3639511040000003
11,-2.273251840000004
12,-11.363951104
13,-1.8701440000000018
14,-1.450240000000004
15,-1.8701440000000018
16,-1.450240000000004
17,-0.7504000000000028
18,-10.450239999999992
19,-2.3639511040000003
20,-2.27325184
21,-2.3639511040000003
22,-2.27325184
23,-2.122086400000004
24,-11.273251839999995
25,-2.49619150162493
26,-2.4977132262845636
27,-2.49619150162493
28,-2.4977076076528686
29,-11.494089931806483
30,-11.490230712146198
31,0.0
32,0.0
33,0.0
34,0.0
35,0.0
36,0.0
37,-2.49619150162493
38,-2.497713383819286
39,-2.49619150162493
40,-2.497710978366592
41,-11.494829485712893
42,-11.478412227456946
43,-2.482368063078398
44,-2.4894136263562068
45,-2.482368063078398
46,-2.4894072782643635
47,-11.486773841196394
48,-11.487874536966704
49,-2.273251840000004
50,-2.3639333168927754
51,-2.4182140939645205
52,-2.3639215347228673
53,-11.362087656479725
54,-11.361847064705943
55,-2.470613438464001
56,-2.482362008501068
57,-2.4893999327226513
58,-2.4823555970162716
59,-11.480231131070006
60,-11.481234919310165
61,0.0
62,0.0
63,0.0
64,0.0
65,0.0
66,0.0
67,-2.4510223974400023
68,-2.4705968879338385
69,-2.4823509960533943
70,-2.4705722326181654
71,-11.468001748063237
72,-11.46798842775215
73,-2.4894208378470393
74,-2.4936409047703822
75,-2.4894208378470393
76,-2.493624481392334
77,-11.485157041798017
78,-11.48207681373129
79,-2.470613438464001
80,-2.4823525218584552
81,-2.470613438464001
82,-2.4823468206877077
83,-11.475597917481497
84,-11.460120068088417
85,-2.4894208378470393
86,-2.493648820217478
87,-2.4894208378470393
88,-2.493639504582736
89,-11.480930848076888
90,-11.48689915488282
91,0.0
92,0.0
93,0.0
94,0.0
95,0.0
96,0.0
97,5.599999999999993
98,10.999999999999991
99,5.599999999999993
100,10.999999999999991
101,1.9999999999999922
102,19.99999999999999
103,-2.122086400000004
104,-2.27325184
105,-2.122086400000004
106,-2.27325184
107,-11.273251839999995
108,-2.3639511040000003
109,0.41599999999999737
110,-0.7504000000000028
111,-1.450240000000004
112,-0.7504000000000028
113,-9.750399999999994
114,-1.450240000000002
115,-1.8701440000000038
116,-2.1220864
117,-1.8701440000000038
118,-2.1220864
119,-11.122086399999999
120,-2.27325184
121,0.0
122,0.0
123,0.0
124,0.0
125,0.0
126,0.0
127,-2.451022183472147
128,-2.4183696825604546
129,-2.418370454023638
130,-2.3639511040000043
131,-11.41836067094343
132,-11.418339781927262
133,-2.1220864
134,-1.8701440000000038
135,-1.8701440000000018
136,-1.450240000000004
137,-10.87014399999999
138,-10.87014399999999
139,-2.4183706623999988
140,-2.3639511040000003
141,-2.3639511040000003
142,-2.273251840000004
143,-11.363951104
144,-11.363951104
145,-2.493652502708222
146,-2.496190114822545
147,-2.496189422890744
148,-2.4977134538487022
149,-11.49401087436885
150,-11.493841836761566
151,0.0
152,0.0
153,0.0
154,0.0
155,0.0
156,0.0
157,-2.493652502708222
158,-2.496183307788473
159,-2.4961896399788635
160,-2.497710365805357
161,-11.49260090077327
162,-11.488656086512693
163,-2.4706134384639964
164,-2.4823632016893487
165,-2.482350910036126
166,-2.489395365776701
167,-11.48093904418176
168,-11.475640347216615
169,-2.3639511040000003
170,-2.418192559537698
171,-2.418321691766001
172,-2.3639511040000003
173,-11.415068058017827
174,-11.398811168745736
175,-2.482368063078398
176,-2.4894165112900963
177,-2.489407236073289
178,-2.482368063078398
179,-11.486803869749947
180,-11.473669953586024
181,0.0
182,0.0
183,0.0
184,0.0
185,0.0
186,0.0
187,-2.470613438464001
188,-2.4823538887393104
189,-2.4823319569598787
190,-2.470613438464001
191,-11.461115087464716
192,-11.475684530974455
193,-2.482368063078398
194,-2.4894135775020163
195,-2.4894185285640202
196,-2.49363882940314
197,-11.486763893551437
198,-11.483234952318078
199,-2.4510223974400023
200,-2.4705512522054462
201,-2.4706065109670408
202,-2.482336429635693
203,-11.457978890231239
204,-11.465115704210682
205,-2.482368063078398
206,-2.4894160291089844
207,-2.489414431836148
208,-2.4936490850535016
209,-11.487888911858695
210,-11.488645742679823
211,0.0
212,0.0
213,0.0
214,0.0
215,0.0
216,0.0
217,2.3599999999999963
218,5.599999999999993
219,5.599999999999993
220,10.999999999999991
221,-3.400000000000006
222,-3.400000000000006
223,-1.8701440000000038
224,-2.1198696431759947
225,-2.1197681948881586
226,-2.2503970910695665
227,-10.914986042195668
228,-10.913328626987722
229,-0.7868872853150488
230,-1.4462032447641602
231,-1.4399396525163268
232,-0.7504000000000028
233,-10.258473911139276
234,-10.126320310518366
235,-1.450240000000004
236,-1.8664156229191178
237,-1.8679769370768737
238,-2.1085106199219408
239,-10.230531681492504
240,-10.294514638543234
241,0.0
242,0.0
243,0.0
244,0.0
245,0.0
246,0.0
247,-2.4894208378470393
248,-2.493651574577443
249,-2.4961898900854584
250,-2.493650580422614
251,-11.491662587038732
252,-11.489554075798237
253,-2.418370662400003
254,-2.451011479453851
255,-2.470498020013412
256,-2.451010339143067
257,-11.447477000178607
258,-11.450290498940136
259,-2.482368063078398
260,-2.489419648407567
261,-2.493627559431405
262,-2.4894183701041808
263,-11.485411060874144
264,-11.488478576861327
265,-2.470613438464001
266,-2.4510223974400023
267,-2.418370662400003
268,-2.4510223974400023
269,-11.451022397439997
270,-11.451022397439997
271,0.0
272,0.0
273,0.0
274,0.0
275,0.0
276,0.0
277,-2.470613438464001
278,-2.4510223974400023
279,-2.418370662400003
280,-2.4510223974400023
281,-11.451022397439997
282,-11.451022397439997
283,-2.3639392103664485
284,-2.273237423766324
285,-2.122086400000004
286,-2.273247769392422
287,-11.273026470362392
288,-11.273227419613844
289,-2.418370662400003
290,-2.451011584156333
291,-2.470512284322851
292,-2.4509495257188143
293,-11.442516857962419
294,-11.443399831836453
295,-2.4894208378470393
296,-2.4936512945542773
297,-2.4961885853862897
298,-2.4936509112959366
299,-11.492077595236664
300,-11.4932567922855
301,0.0
302,0.0
303,0.0
304,0.0
305,0.0
306,0.0
307,-2.4823680630784026
308,-2.4894156363438147
309,-2.493647619625158
310,-2.4894145025025924
311,-11.47199689658412
312,-11.4890108583064
313,-2.470613438464001
314,-2.482362062470162
315,-2.470613438464001
316,-2.4823510874420496
317,-11.478665157767844
318,-11.453165810416587
319,-2.4183706623999988
320,-2.4508095230701756
321,-2.4183706623999988
322,-2.450769321525253
323,-11.446046093934113
324,-11.44702334740021
325,-2.470613438464001
326,-2.4823585946493627
327,-2.470613438464001
328,-2.482323109959515
329,-11.464732193215632
330,-11.472160729674119
331,0.0
332,0.0
333,0.0
334,0.0
335,0.0
336,0.0
337,-1.4502579789029815
338,-1.7644028938937582
339,-1.7732721392836464
340,-1.7482136478020407
341,-3.517989644352841
342,-4.365427955134871
343,0.41599999999999737
344,2.3599999999999963
345,5.599999999999993
346,2.3599999999999963
347,-6.640000000000003
348,-6.640000000000003
349,-1.4502763538482446
350,-1.8546197163561176
351,-1.872401308019382
352,-1.8308042493883245
353,-4.34283141033924
354,-5.01523502627565
355,-0.7504057187165347
356,-1.1065868489487884
357,-0.9864531680635016
358,-1.1458296270276034
359,-3.551035467022309
360,-2.810962938553652
361,0.0
362,0.0
363,0.0
364,0.0
365,0.0
366,0.0
367,-2.493652502708222
368,-2.4961901338052486
369,-2.497710599653314
370,-2.493652502708222
371,-11.487808268279098
372,-11.493705688903198
373,-2.4510223974400023
374,-2.4704924078481096
375,-2.4823141615628366
376,-2.4510223974400023
377,-11.465625431971663
378,-11.466101501171728
379,-2.4894208378470393
380,-2.493649147110098
381,-2.4961852087789707
382,-2.4894208378470393
383,-11.493157472224375
384,-11.49039590120056
385,-2.4510223974400023
386,-2.418370662400003
387,-2.3639511040000043
388,-2.4510223974400023
389,-11.418370662400003
390,-11.418370662400003
391,0.0
392,0.0
393,0.0
394,0.0
395,0.0
396,0.0
397,-2.4510223974400023
398,-2.418370662400003
399,-2.3639511040000043
400,-2.4510223974400023
401,-11.418370662400003
402,-11.418370662400003
403,-2.27325184
404,-2.1220864
405,-1.8701440000000038
406,-2.27325184
407,-11.122086399999999
408,-11.122086399999999
409,-2.4510223974400023
410,-2.4705722605674536
411,-2.4822970487034617
412,-2.4510223974400023
413,-11.467002099832833
414,-11.469457330477141
415,-2.493652502708222
416,-2.4961905896973344
417,-2.4977134377828167
418,-2.493652502708222
419,-11.495446407399772
420,-11.494056231721277
421,0.0
422,0.0
423,0.0
424,0.0
425,0.0
426,0.0
427,-2.4894208378470393
428,-2.4936505264674085
429,-2.4961795624354077
430,-2.4894208378470393
431,-11.491052034925625
432,-11.483031181862945
433,-2.4510223974400023
434,-2.4706065500166274
435,-2.482347842029252
436,-2.482357004834332
437,-11.46948997100289
438,-11.46970594609581
439,-2.3639511040000003
440,-2.4183681310255962
441,-2.451004106856806
442,-2.450968239442571
443,-11.415183089827774
444,-11.399369183209602
445,-2.4510223974400023
446,-2.470586103698865
447,-2.4823595343939573
448,-2.482351610157377
449,-11.47002254322203
450,-11.470002272120531
451,0.0
452,0.0
453,0.0
454,0.0
455,0.0
456,0.0
457,-1.8701440000000038
458,-2.110476221238786
459,-2.2625096717936897
460,-1.8766990786995235
461,-10.986143828258776
462,-11.022281914395279
463,2.3599999999999963
464,5.599999999999993
465,10.999999999999991
466,2.3599999999999963
467,-3.400000000000006
468,-3.400000000000006
469,-1.8701440000000038
470,-2.1195376180587777
471,-2.2580110182440567
472,-1.876888238676731
473,-10.770534161230849
474,-10.985668984350779
475,0.41599999999999737
476,-0.7647919155706404
477,-1.43957830238703
478,-1.447590741673206
479,-9.656950229871146
480,-9.127541716313418
481,0.0
482,0.0
483,0.0
484,0.0
485,0.0
486,0.0
487,-2.49619150162493
488,-2.4977136972943677
489,-2.4977117382022165
490,-2.49619150162493
491,-11.49536037696754
492,-11.49556066211367
493,-2.470613438464001
494,-2.4823613985889046
495,-2.4823391115420197
496,-2.470613438464001
497,-11.476945073009515
498,-11.478304951045562
499,-2.493652502708222
500,-2.496185534669968
501,-2.4961618200386955
502,-2.493652502708222
503,-11.491718275239101
504,-11.491233999192186
505,-2.418370662400003
506,-2.3639511040000003
507,-2.3639511040000003
508,-2.418370662400003
509,-2.273251840000004
510,-11.363951104
511,0.0
512,0.0
513,0.0
514,0.0
515,0.0
516,0.0
517,-2.418370662400003
518,-2.3639511040000003
519,-2.3639511040000003
520,-2.418370662400003
521,-2.273251840000004
522,-11.363951104
523,-2.1220864
524,-1.8701440000000038
525,-1.8701440000000018
526,-2.1220864
527,-1.450240000000004
528,-10.87014399999999
529,-2.470613438464001
530,-2.4823588975019777
531,-2.4823527517887034
532,-2.470613438464001
533,-11.469639465713335
534,-11.46685018920847
535,-2.49619150162493
536,-2.497713762487321
537,-2.497713682913148
538,-2.49619150162493
539,-11.49647076091005
540,-11.496889359938688
541,0.0
542,0.0
543,0.0
544,0.0
545,0.0
546,0.0
547,-2.493652502708222
548,-2.4961802361288963
549,-2.4961860325463694
550,-2.493652502708222
551,-11.48596661058593
552,-11.491625984417109
553,-2.4706134384639964
554,-2.4823444996344235
555,-2.4823388155347126
556,-2.470613438464001
557,-11.47376336364061
558,-11.446120196847627
559,-2.4183706623999988
560,-2.4509874729564056
561,-2.450979922084915
562,-2.4183706623999988
563,-11.41734391574739
564,-11.448111718547704
565,-2.4706134384639964
566,-2.4823073509854545
567,-2.482313521482116
568,-2.470613438464001
569,-11.4668089293648
570,-11.4696424658922
571,0.0
572,0.0
573,0.0
574,0.0
575,0.0
576,0.0
577,-2.122086400000004
578,-2.27325184
579,-2.27325184
580,-2.122086400000004
581,-11.273251839999995
582,-2.3639511040000003
583,5.599999999999993
584,10.999999999999991
585,10.999999999999991
586,5.599999999999993
587,1.9999999999999922
588,19.99999999999999
589,-2.122086400000004
590,-2.27325184
591,-2.27325184
592,-2.122086400000004
593,-11.273251839999995
594,-2.3639511040000003
595,-0.7504000000000028
596,-1.450240000000004
597,-1.450240000000002
598,-0.7504000000000028
599,-10.450239999999992
600,-1.8701440000000018
601,0.0
602,0.0
603,0.0
604,0.0
605,0.0
606,0.0
607,-2.4510223974400023
608,-2.3639511040000043
609,-2.4510223974400023
610,-2.418370662400003
611,-11.418370662400003
612,-11.418370662400003
613,-2.1220864
614,-1.450240000000004
615,-2.1220864
616,-1.8701440000000038
617,-10.87014399999999
618,-10.87014399999999
619,-2.4183706623999983
620,-2.273251840000004
621,-2.4183706623999988
622,-2.3639511040000003
623,-11.363951104
624,-11.363951103999936
625,-2.493652502708222
626,-2.4977148765386814
627,-2.493652502708222
628,-2.49619148349939
629,-11.496179271021912
630,-11.496189670136006
631,0.0
632,0.0
633,0.0
634,0.0
635,0.0
636,0.0
637,-2.493652502708222
638,-2.4977148928586304
639,-2.493652502708222
640,-2.4961914905770315
641,-11.496188981617113
642,-11.49618427088538
643,-2.4706134384639964
644,-2.489420702520198
645,-2.4706134384639964
646,-2.482368058941775
647,-11.482327641729789
648,-11.482354288493102
649,-2.122086400000004
650,-2.36395109816123
651,-2.3639510553404914
652,-2.2732518393566896
653,-11.273251626560636
654,-11.27325066818941
655,-2.4510223974400023
656,-2.4823680597212006
657,-2.482368062004642
658,-2.4706134381159863
659,-11.470613258312564
660,-11.470613236628637
661,0.0
662,0.0
663,0.0
664,0.0
665,0.0
666,0.0
667,-2.418370662400007
668,-2.470613435725575
669,-2.4706134224291714
670,-2.451022394228446
671,-11.451021319575702
672,-11.451021319587259
673,-2.482368063078398
674,-2.493652444100884
675,-2.482368063078398
676,-2.489420707094924
677,-11.489392738438054
678,-11.489361292583876
679,-2.4510223974400023
680,-2.482367499244931
681,-2.4510223974400023
682,-2.4706132856230165
683,-11.470578823698641
684,-11.470533662952565
685,-2.482368063078398
686,-2.4936524821418575
687,-2.482368063078398
688,-2.489420827395658
689,-11.489417026983778
690,-11.489413607723227
691,0.0
692,0.0
693,0.0
694,0.0
695,0.0
696,0.0
697,2.3599999999999963
698,10.999999999999991
699,2.3599999999999963
700,5.599999999999993
701,-3.400000000000006
702,-3.400000000000006
703,-1.8701440000000038
704,-2.27325184
705,-1.8701440000000038
706,-2.1220864
707,-11.122086399999999
708,-11.122086399999999
709,2.3599999999999963
710,-0.7504000000000028
711,-0.7504000000000028
712,0.41599999999999737
713,-8.583999999999994
714,-8.583999999999994
715,-1.450240000000004
716,-2.1220864
717,-1.450240000000004
718,-1.8701440000000018
719,-10.87014399999999
720,-10.87014399999999
721,0.0
722,0.0
723,0.0
724,0.0
725,0.0
726,0.0
727,-2.470613438464001
728,-2.418370662400007
729,-2.4510223974400023
730,-2.418370662400003
731,-11.451022397439997
732,-11.451022397439997
733,-2.27325184
734,-1.8701440000000038
735,-2.1220864
736,-1.8701440000000038
737,-11.122086399999999
738,-11.122086399999999
739,-2.451022397439998
740,-2.3639511040000003
741,-2.4183706623999988
742,-2.3639511040000003
743,-11.418370662400003
744,-11.418370662400003
745,-2.4894208378470393
746,-2.4961915009315407
747,-2.493652497412186
748,-2.49619150144345
749,-11.493651541858375
750,-11.49364938466498
751,0.0
752,0.0
753,0.0
754,0.0
755,0.0
756,0.0
757,-2.4894208378470393
758,-2.496191498857336
759,-2.493652502598722
760,-2.4961914993055796
761,-11.49365212752167
762,-11.493652469362996
763,-2.451022397439998
764,-2.4823680612004844
765,-2.470613435000425
766,-2.482368057501885
767,-11.470612467119418
768,-11.470612868556463
769,-2.27325184
770,-2.4183705199481205
771,-2.363950991126034
772,-2.27325184
773,-11.363941388566497
774,-11.363949809821428
775,-2.470613438464001
776,-2.489420832768351
777,-2.48236806109931
778,-2.470613438464001
779,-11.482367785948245
780,-11.482367266034025
781,0.0
782,0.0
783,0.0
784,0.0
785,0.0
786,0.0
787,-2.4510223974400023
788,-2.4823680566706345
789,-2.470613436396046
790,-2.4510223974400023
791,-11.470607504207376
792,-11.4706113985109
793,-2.470613438464001
794,-2.48942081551613
795,-2.482368057389685
796,-2.4894208070840165
797,-11.482362866986737
798,-11.482358031571465
799,-2.418370662400003
800,-2.4706133148385874
801,-2.4510223473121306
802,-2.470613416835378
803,-11.451021619808346
804,-11.451016493130556
805,-2.470613438464001
806,-2.489420808400481
807,-2.4823680566821613
808,-2.4894208020775013
809,-11.482366569259103
810,-11.482365819688727
811,0.0
812,0.0
813,0.0
814,0.0
815,0.0
816,0.0
817,0.41599999999999737
818,5.599999999999993
819,2.3599999999999963
820,5.599999999999993
821,-6.640000000000003
822,-6.640000000000003
823,-1.450240000000004
824,-2.1220776241122463
825,-1.8701441181563714
826,-2.1220816178831154
827,-10.86930746784602
828,-10.870042341887505
829,0.41599999999999737
830,-1.450151269467812
831,-0.7506373036674912
832,0.4158882802986602
833,-9.74928111133173
834,-9.750265443596419
835,-0.7504000000000028
836,-1.870116792550495
837,-1.4502407185738448
838,-1.8701413859026301
839,-10.45020615176096
840,-10.450206425252274
841,0.0
842,0.0
843,0.0
844,0.0
845,0.0
846,0.0
847,-2.482368063078398
848,-2.493652500300797
849,-2.493652499859499
850,-2.4894208363013686
851,-11.489420138158438
852,-11.489417781041157
853,-2.3639511040000043
854,-2.451022225459448
855,-2.4510223421922204
856,-2.418370657778504
857,-11.418365930688545
858,-11.418370020210133
859,-2.4706134384639964
860,-2.489420837281986
861,-2.4894208366471267
862,-2.482368060621971
863,-11.48236781007435
864,-11.482362855461439
865,-2.482368063078398
866,-2.4510223974400023
867,-2.4510223974400023
868,-2.470613438464001
869,-11.470613438463989
870,-11.470613438463989
871,0.0
872,0.0
873,0.0
874,0.0
875,0.0
876,0.0
877,-2.482368063078398
878,-2.4510223974400023
879,-2.4510223974400023
880,-2.470613438464001
881,-11.470613438463989
882,-11.470613438463989
883,-2.4183706623999988
884,-2.273251840000004
885,-2.27325184
886,-2.3639511040000003
887,-11.363951104
888,-11.363951104
889,-2.3639511040000043
890,-2.4510223812426575
891,-2.451022380754961
892,-2.4183706595273873
893,-11.418370500352179
894,-11.418370331085677
895,-2.4823680630784026
896,-2.493652502708222
897,-2.493652502708222
898,-2.4894208378470393
899,-11.48942083784703
900,-11.48942083784703
901,0.0
902,0.0
903,0.0
904,0.0
905,0.0
906,0.0
907,-2.470613438464005
908,-2.4894208360105714
909,-2.4894208366994097
910,-2.4823680621317203
911,-11.48236461336584
912,-11.482365793769524
913,-2.4510223974400023
914,-2.4823680327281963
915,-2.4510223974400023
916,-2.4706133701743185
917,-11.470612807773676
918,-11.470605490137366
919,-2.3639511040000003
920,-2.4510215232224866
921,-2.3639511040000003
922,-2.4183706503666276
923,-11.41835393115408
924,-11.418368463432925
925,-2.4510223974400023
926,-2.4823680545206495
927,-2.4510223974400023
928,-2.4706134261093275
929,-11.470609641821085
930,-11.47061264002512
931,0.0
932,0.0
933,0.0
934,0.0
935,0.0
936,0.0
937,-0.7504000000000028
938,-1.8698597311856222
939,-1.8699699585777685
940,-1.450318693142108
941,-10.427513417307622
942,-10.421613644172414
943,-0.7504000000000008
944,2.3599999999999963
945,2.3599999999999963
946,0.41599999999999737
947,-8.583999999999994
948,-8.583999999999994
949,-0.7504000000000028
950,-1.8706286383273696
951,-1.8696330857914045
952,-1.450509118719431
953,-10.376846799419035
954,-10.434872349406502
955,0.41385833578270736
956,-1.4498760923678222
957,0.41599999999999737
958,-0.7510959027706043
959,-9.740239832510396
960,-9.734996406731549
961,0.0
962,0.0
963,0.0
964,0.0
965,0.0
966,0.0
967,-2.4894208378470393
968,-2.4961914996883077
969,-2.4961915007020083
970,-2.4894208378470393
971,-11.493648607486701
972,-11.493651798022192
973,-2.418370662400003
974,-2.4706132088554584
975,-2.4706134226549525
976,-2.418370662400003
977,-11.451018626543211
978,-11.451021688297077
979,-2.482368063078398
980,-2.4936524932536246
981,-2.4936524974167673
982,-2.482368063078398
983,-11.48942017948722
984,-11.489419765946286
985,-2.470613438464001
986,-2.418370662400003
987,-2.418370662400003
988,-2.470613438464001
989,-11.451022397439926
990,-11.451022397439806
991,0.0
992,0.0
993,0.0
994,0.0
995,0.0
996,0.0
997,-2.470613438463994
998,-2.418370662400003
999,-2.418370662400003
1000,-2.470613438463971
1001,-11.451022397439885
1002,-11.45102239743994
1003,-2.3639511040000003
1004,-2.122086400000004
1005,-2.122086400000004
1006,-2.3639511040000003
1007,-11.273251839999995
1008,-11.273251839999995
1009,-2.418370662400003
1010,-2.4706134360126355
1011,-2.470613430976166
1012,-2.418370662400003
1013,-11.45101439935743
1014,-11.450999942895486
1015,-2.4894208378470437
1016,-2.4961915016246783
1017,-2.496191501624916
1018,-2.4894208378470393
1019,-11.493652502552587
1020,-11.493652502692578
1021,0.0
1022,0.0
1023,0.0
1024,0.0
1025,0.0
1026,0.0
1027,-2.4823680630784026
1028,-2.4936524917737284
1029,-2.493652501296941
1030,-2.4823680630784026
1031,-11.48942070384933
1032,-11.489415620324863
1033,-2.418370662400003
1034,-2.470613437080576
1035,-2.470613437533735
1036,-2.47061343821735
1037,-11.45102238144743
1038,-11.451022126528287
1039,-2.27325184
1040,-2.4183706592020844
1041,-2.4183706583592763
1042,-2.418370622081133
1043,-11.363951042379826
1044,-11.363950962527943
1045,-2.418370662400003
1046,-2.470613436209583
1047,-2.470613437086235
1048,-2.4706134368974593
1049,-11.451022022677089
1050,-11.451021507618677
1051,0.0
1052,0.0
1053,0.0
1054,0.0
1055,0.0
1056,0.0
1057,-1.450240000000004
1058,-2.1220864
1059,-2.1220864
1060,-1.450240000000004
1061,-10.87014399999999
1062,-10.87014399999999
1063,0.41599999999999737
1064,5.599999999999993
1065,5.599999999999993
1066,0.41599999999999737
1067,-6.640000000000003
1068,-6.640000000000003
1069,-1.450240000000004
1070,-2.1220864
1071,-2.1220864
1072,-1.450240000000004
1073,-10.87014399999999
1074,-10.87014399999999
1075,2.3599999999999963
1076,-0.7504000000000028
1077,-0.7504000000000028
1078,-0.7504000000000028
1079,-8.583999999999994
1080,-8.583999999999994
1081,0.0
1082,0.0
1083,0.0
1084,0.0
1085,0.0
1086,0.0
1087,-2.493652502708222
1088,-2.4977148859876084
1089,-2.4961913648574034
1090,-2.493652502708222
1091,-11.496181497678183
1092,-11.496174905146514
1093,-2.4510223974400023
1094,-2.482368000652215
1095,-2.4706131748930655
1096,-2.4510223974400023
1097,-11.470485880173701
1098,-11.470474518402167
1099,-2.4894208378470393
1100,-2.496191401326969
1101,-2.4936522642795396
1102,-2.4894208378470393
1103,-11.493651392574826
1104,-11.493651269251247
1105,-2.4510223974400023
1106,-2.3639511040000043
1107,-2.4183706624
1108,-2.4510223974400023
1109,-11.418370662397532
1110,-11.418370662399784
1111,0.0
1112,0.0
1113,0.0
1114,0.0
1115,0.0
1116,0.0
1117,-2.4510223974400023
1118,-2.3639511040000043
1119,-2.418370662400003
1120,-2.4510223974399996
1121,-11.418370662399296
1122,-11.418370662399216
1123,-2.27325184
1124,-1.8701440000000038
1125,-2.1220864
1126,-2.27325184
1127,-11.122086399999999
1128,-11.122086399999999
1129,-2.4510223974400023
1130,-2.4823678107024967
1131,-2.470613355698133
1132,-2.4510223974400023
1133,-11.47059681384103
1134,-11.470601043076712
1135,-2.4936525027082266
1136,-2.4977148979343347
1137,-2.496191489450548
1138,-2.493652502708222
1139,-11.49618042223594
1140,-11.496189002528341
1141,0.0
1142,0.0
1143,0.0
1144,0.0
1145,0.0
1146,0.0
1147,-2.4894208378470393
1148,-2.496191474041671
1149,-2.4936524412764394
1150,-2.4894208378470393
1151,-11.49355287424422
1152,-11.493643426616321
1153,-2.451022397439998
1154,-2.4823679511015184
1155,-2.4706133980051477
1156,-2.4510223974400023
1157,-11.470607657222157
1158,-11.470604361879245
1159,-2.3639511040000003
1160,-2.451022089463192
1161,-2.4183706147295894
1162,-2.3639511040000003
1163,-11.418328241344845
1164,-11.418345436629266
1165,-2.451022397439998
1166,-2.4823680250956546
1167,-2.470613146632059
1168,-2.4510223974400023
1169,-11.47059444568334
1170,-11.470612240011658
1171,0.0
1172,0.0
1173,0.0
1174,0.0
1175,0.0
1176,0.0
1177,-1.8701440000000038
1178,-2.27325184
1179,-2.1220864
1180,-1.8701440000000038
1181,-11.122086399999999
1182,-11.122086399999999
1183,2.3599999999999963
1184,10.999999999999991
1185,5.599999999999993
1186,2.3599999999999963
1187,-3.400000000000006
1188,-3.400000000000006
1189,-1.8701440000000038
1190,-2.27325184
1191,-2.1220864
1192,-1.8701440000000038
1193,-11.122086399999999
1194,-11.122086399999999
1195,0.41599999999999737
1196,-1.450240000000002
1197,-0.7504000000000028
1198,0.41599999999999737
1199,-9.750399999999994
1200,-9.750399999999994
1201,0.0
1202,0.0
1203,0.0
1204,0.0
1205,0.0
1206,0.0
1207,-2.470613438462397
1208,-2.418370662400007
1209,-2.4706134384632787
1210,-2.451022397439127
1211,-11.451022397416912
1212,-11.451022397251368
1213,-2.2732518399669313
1214,-1.8701440000000038
1215,-2.273251839324347
1216,-2.122086399971914
1217,-11.122086398790996
1218,-11.122086397195597
1219,-2.451022397423212
1220,-2.3639511040000043
1221,-2.4510223973940692
1222,-2.418370662399007
1223,-11.418370661883307
1224,-11.41837065483401
1225,-2.49619150162493
1226,-2.49619150162493
1227,-2.4894208378470393
1228,-2.493652502708222
1229,-11.493652502708207
1230,-11.493652502707885
1231,0.0
1232,0.0
1233,0.0
1234,0.0
1235,0.0
1236,0.0
1237,-2.49619150162493
1238,-2.49619150162493
1239,-2.4894208378470393
1240,-2.493652502708222
1241,-11.493652502707423
1242,-11.49365250270809
1243,-2.4823680630783804
1244,-2.482368063078395
1245,-2.451022397439998
1246,-2.4706134384639964
1247,-11.470613438463845
1248,-11.470613438463987
1249,-1.8701440000000038
1250,-2.27325184
1251,-2.27325184
1252,-2.122086400000004
1253,-11.122086399999999
1254,-11.122086399999999
1255,-2.418370662400007
1256,-2.470613438464001
1257,-2.470613438464001
1258,-2.4510223974400023
1259,-11.451022397439997
1260,-11.451022397439997
1261,0.0
1262,0.0
1263,0.0
1264,0.0
1265,0.0
1266,0.0
1267,-2.3639511040000043
1268,-2.4510223974400023
1269,-2.4510223974400023
1270,-2.418370662400003
1271,-11.418370662400003
1272,-11.418370662400003
1273,-2.4894208378470393
1274,-2.4894208378470393
1275,-2.470613438464001
1276,-2.482368063078398
1277,-11.482368063078363
1278,-11.482368063078352
1279,-2.470613438464001
1280,-2.470613438464
1281,-2.418370662400003
1282,-2.4510223974400023
1283,-11.451022397439997
1284,-11.45102239743689
1285,-2.4894208378470393
1286,-2.4894208378470393
1287,-2.470613438464001
1288,-2.482368063078398
1289,-11.482368063078402
1290,-11.48236806307829
1291,0.0
1292,0.0
1293,0.0
1294,0.0
1295,0.0
1296,0.0
1297,0.41599999999999737
1298,5.599999999999993
1299,0.41599999999999737
1300,2.3599999999999963
1301,-6.640000000000003
1302,-6.640000000000003
1303,-2.1220864
1304,-2.1220864
1305,-1.450240000000004
1306,-1.8701440000000038
1307,-10.87014399999999
1308,-10.87014399999999
1309,5.599999999999993
1310,0.41599999999999737
1311,0.41599999999999737
1312,2.3599999999999963
1313,-6.640000000000003
1314,-6.640000000000003
1315,-1.8701440000000018
1316,-1.8701440000000018
1317,-0.7504000000000028
1318,-1.450240000000004
1319,-10.450239999999992
1320,-10.450239999999992
1321,0.0
1322,0.0
1323,0.0
1324,0.0
1325,0.0
1326,0.0
1327,-2.482368063078398
1328,-2.4510223974400023
1329,-2.482368063078398
1330,-2.4510223974400023
1331,-11.470613438463989
1332,-11.470613438463989
1333,-2.3639511040000003
1334,-2.122086400000004
1335,-2.3639511040000003
1336,-2.122086400000004
1337,-11.273251839999995
1338,-11.273251839999995
1339,-2.4706134384639964
1340,-2.4183706623999988
1341,-2.4706134384639964
1342,-2.418370662400003
1343,-11.451022397439997
1344,-11.451022397439997
1345,-2.493652502708222
1346,-2.493652502708222
1347,-2.482368063078398
1348,-2.493652502708222
1349,-11.48942083784703
1350,-11.48942083784703
1351,0.0
1352,0.0
1353,0.0
1354,0.0
1355,0.0
1356,0.0
1357,-2.493652502708222
1358,-2.493652502708222
1359,-2.482368063078398
1360,-2.493652502708222
1361,-11.48942083784703
1362,-11.48942083784703
1363,-2.4706134384639964
1364,-2.4706134384639964
1365,-2.4183706623999988
1366,-2.4706134384639964
1367,-11.451022397439997
1368,-11.451022397439997
1369,-2.3639511040000003
1370,-2.3639511040000003
1371,-2.3639511040000003
1372,-2.122086400000004
1373,-11.273251839999995
1374,-11.273251839999995
1375,-2.482368063078398
1376,-2.482368063078398
1377,-2.4823680630784026
1378,-2.4510223974400063
1379,-11.470613438464005
1380,-11.470613438464005
1381,0.0
1382,0.0
1383,0.0
1384,0.0
1385,0.0
1386,0.0
1387,-2.470613438464001
1388,-2.470613438464001
1389,-2.470613438464001
1390,-2.418370662400007
1391,-11.451022397439997
1392,-11.451022397439997
1393,-2.482368063078398
1394,-2.482368063078398
1395,-2.4510223974400063
1396,-2.482368063078398
1397,-11.470613438464005
1398,-11.470613438464005
1399,-2.451022397439998
1400,-2.4510223974400023
1401,-2.3639511040000043
1402,-2.4510223974400023
1403,-11.418370662400003
1404,-11.418370662400003
1405,-2.482368063078398
1406,-2.482368063078398
1407,-2.4510223974400063
1408,-2.482368063078398
1409,-11.470613438464005
1410,-11.470613438464005
1411,0.0
1412,0.0
1413,0.0
1414,0.0
1415,0.0
1416,0.0
1417,-0.7504000000000028
1418,2.3599999999999963
1419,-0.7504000000000028
1420,2.3599999999999963
1421,-8.583999999999994
1422,-8.583999999999994
1423,-1.8701440000000038
1424,-1.8701440000000018
1425,-0.7504000000000028
1426,-1.8701440000000018
1427,-10.450239999999992
1428,-10.450239999999992
1429,-0.7504000000000028
1430,-0.7504000000000028
1431,-0.7504000000000028
1432,2.3599999999999963
1433,-8.583999999999994
1434,-8.583999999999994
1435,-1.450240000000004
1436,-1.450240000000004
1437,0.41599999999999737
1438,-1.450240000000002
1439,-9.750399999999994
1440,-9.750399999999994
1441,0.0
1442,0.0
1443,0.0
1444,0.0
1445,0.0
1446,0.0
1447,-2.4894208378470393
1448,-2.4894208378470393
1449,-2.4894208378470393
1450,-2.470613438464001
1451,-11.482368063078402
1452,-11.482368063078402
1453,-2.4183706623999988
1454,-2.418370662400003
1455,-2.418370662400003
1456,-2.273251840000004
1457,-11.363951104
1458,-11.363951104
1459,-2.482368063078398
1460,-2.482368063078398
1461,-2.482368063078398
1462,-2.451022397439998
1463,-11.470613438463987
1464,-11.470613438463987
1465,-2.4894208378470393
1466,-2.470613438464001
1467,-2.470613438464001
1468,-2.4894208378470393
1469,-11.482368063078402
1470,-11.482368063078402
1471,0.0
1472,0.0
1473,0.0
1474,0.0
1475,0.0
1476,0.0
1477,-2.4894208378470393
1478,-2.470613438464001
1479,-2.470613438464001
1480,-2.4894208378470393
1481,-11.482368063078402
1482,-11.482368063078402
1483,-2.451022397439998
1484,-2.3639511040000003
1485,-2.3639511040000003
1486,-2.451022397439998
1487,-11.418370662400003
1488,-11.418370662400003
1489,-2.4183706623999988
1490,-2.418370662400003
1491,-2.418370662400003
1492,-2.273251840000004
1493,-11.363951104
1494,-11.363951104
1495,-2.4894208378470393
1496,-2.4894208378470393
1497,-2.4894208378470437
1498,-2.470613438464005
1499,-11.482368063078402
1500,-11.482368063078402
1501,0.0
1502,0.0
1503,0.0
1504,0.0
1505,0.0
1506,0.0
1507,-2.482368063078398
1508,-2.4823680630784026
1509,-2.4823680630784026
1510,-2.4510223974400063
1511,-11.470613438464005
1512,-11.470613438464005
1513,-2.470613438464001
1514,-2.470613438464001
1515,-2.418370662400007
1516,-2.470613438464001
1517,-11.451022397439997
1518,-11.451022397439997
1519,-2.4183706623999988
1520,-2.4183706623999988
1521,-2.273251840000004
1522,-2.418370662400003
1523,-11.363951104
1524,-11.363951104
1525,-2.470613438464001
1526,-2.470613438464001
1527,-2.418370662400007
1528,-2.470613438464001
1529,-11.451022397439997
1530,-11.451022397439997
1531,0.0
1532,0.0
1533,0.0
1534,0.0
1535,0.0
1536,0.0
1537,-1.450240000000004
1538,-1.450240000000004
1539,-1.450240000000002
1540,0.41599999999999737
1541,-9.750399999999994
1542,-9.750399999999994
1543,-1.450240000000004
1544,0.41599999999999737
1545,0.41599999999999737
1546,-1.450240000000002
1547,-9.750399999999994
1548,-9.750399999999994
1549,-1.450240000000004
1550,-1.450240000000004
1551,-1.450240000000002
1552,0.41599999999999737
1553,-9.750399999999994
1554,-9.750399999999994
1555,-0.7504000000000028
1556,-0.7504000000000028
1557,2.3599999999999963
1558,-0.7504000000000028
1559,-8.583999999999994
1560,-8.583999999999994
1561,0.0
1562,0.0
1563,0.0
1564,0.0
1565,0.0
1566,0.0
1567,-2.493652502708222
1568,-2.493652502708222
1569,-2.493652502708222
1570,-2.482368063078398
1571,-11.48942083784703
1572,-11.48942083784703
1573,-2.4510223974400023
1574,-2.4510223974400023
1575,-2.4510223974400023
1576,-2.3639511040000043
1577,-11.418370662400003
1578,-11.418370662400003
1579,-2.4894208378470393
1580,-2.4894208378470393
1581,-2.4894208378470393
1582,-2.4706134384639964
1583,-11.482368063078384
1584,-11.482368063078384
1585,-2.4823680624672906
1586,-2.4510223974400023
1587,-2.4510223974400023
1588,-2.482368063070311
1589,-11.470613437437514
1590,-11.470613422466354
1591,0.0
1592,0.0
1593,0.0
1594,0.0
1595,0.0
1596,0.0
1597,-2.482368062992384
1598,-2.4510223974400023
1599,-2.4510223974400023
1600,-2.4823680628758984
1601,-11.470613393409756
1602,-11.470613418784314
1603,-2.4183706622932606
1604,-2.27325184
1605,-2.273251840000036
1606,-2.4183706614700182
1607,-11.363951084809399
1608,-11.36395110371781
1609,-2.4510223974400023
1610,-2.4510223974400023
1611,-2.4510223974400023
1612,-2.3639511040000043
1613,-11.418370662400003
1614,-11.418370662400003
1615,-2.4936525027082266
1616,-2.493652502708222
1617,-2.4936525027082266
1618,-2.4823680630784066
1619,-11.489420837847032
1620,-11.489420837847032
1621,0.0
1622,0.0
1623,0.0
1624,0.0
1625,0.0
1626,0.0
1627,-2.4894208378470393
1628,-2.4894208378470393
1629,-2.4894208378470393
1630,-2.470613438464005
1631,-11.482368063078402
1632,-11.482368063078402
1633,-2.3639511040000043
1634,-2.4510223974400023
1635,-2.451022397439998
1636,-2.4510223974400023
1637,-11.418370662400003
1638,-11.418370662400003
1639,-2.122086400000004
1640,-2.3639511040000003
1641,-2.3639511040000003
1642,-2.3639511040000003
1643,-11.273251839999995
1644,-11.273251839999995
1645,-2.3639511040000043
1646,-2.4510223974400023
1647,-2.451022397439998
1648,-2.4510223974400023
1649,-11.418370662400003
1650,-11.418370662400003
1651,0.0
1652,0.0
1653,0.0
1654,0.0
1655,0.0
1656,0.0
1657,-1.8701440000000018
1658,-1.8701440000000018
1659,-1.8701440000000018
1660,-0.7504000000000028
1661,-10.450239999999992
1662,-10.450239999999992
1663,-0.7504000000000008
1664,2.3599999999999963
1665,2.3599999999999963
1666,-0.7504000000000028
1667,-8.583999999999994
1668,-8.583999999999994
1669,-1.8701440000000018
1670,-1.8701440000000018
1671,-1.8701440000000038
1672,-0.7504000000000028
1673,-10.450239999999992
1674,-10.450239999999992
1675,5.599999999999993
1676,0.41599999999999737
1677,0.41599999999999737
1678,0.41599999999999737
1679,-6.640000000000003
1680,-6.640000000000003
1681,0.0
1682,0.0
1683,0.0
1684,0.0
1685,0.0
1686,0.0
1687,-2.49619150162493
1688,-2.49619150162493
1689,-2.493652502708222
1690,-2.4894208378470393
1691,-11.49365250270814
1692,-11.493652502708153
1693,-2.470613438464001
1694,-2.470613438464001
1695,-2.4510223974400023
1696,-2.418370662400003
1697,-11.45102239743994
1698,-11.451022397439978
1699,-2.493652502708222
1700,-2.493652502708222
1701,-2.4894208378470393
1702,-2.482368063078398
1703,-11.489420837846662
1704,-11.489420837845552
1705,-2.470613438352682
1706,-2.418370662400003
1707,-2.4510223974357928
1708,-2.4706134383635305
1709,-11.45102239250612
1710,-11.451022375589336
1711,0.0
1712,0.0
1713,0.0
1714,0.0
1715,0.0
1716,0.0
1717,-2.47061343835001
1718,-2.418370662400007
1719,-2.4510223972884173
1720,-2.4706134384610974
1721,-11.451022393438805
1722,-11.451022394141583
1723,-2.3639511039078793
1724,-2.122086400000004
1725,-2.2732518399767017
1726,-2.363951103971601
1727,-11.273251838461627
1728,-11.273251837132683
1729,-2.470613438464001
1730,-2.4706134384640004
1731,-2.4510223974400023
1732,-2.418370662400003
1733,-11.45102239743984
1734,-11.4510223974397
1735,-2.4961915016067833
1736,-2.496191501596243
1737,-2.493652502666581
1738,-2.4894208378470437
1739,-11.493652451977054
1740,-11.493652492338903
1741,0.0
1742,0.0
1743,0.0
1744,0.0
1745,0.0
1746,0.0
1747,-2.493652502708222
1748,-2.493652502708222
1749,-2.4894208378470357
1750,-2.4823680630784026
1751,-11.489420837846996
1752,-11.489420837846904
1753,-2.4183706623999988
1754,-2.4706134384205387
1755,-2.4510223974009735
1756,-2.418370662400003
1757,-11.451022384701824
1758,-11.451022388051937
1759,-2.27325184
1760,-2.4183706622480026
1761,-2.363951103937084
1762,-2.27325184
1763,-11.363951101899888
1764,-11.363951082765748
1765,-2.4183706623999988
1766,-2.470613438430653
1767,-2.451022397418517
1768,-2.418370662400003
1769,-11.451022391961251
1770,-11.451022389850342
1771,0.0
1772,0.0
1773,0.0
1774,0.0
1775,0.0
1776,0.0
1777,-2.1220864
1778,-2.1220864
1779,-1.8701440000000018
1780,-1.450240000000004
1781,-10.87014399999999
1782,-10.87014399999999
1783,0.4158911135480625
1784,5.599999999999993
1785,2.3592389599246495
1786,0.4158729617380891
1787,-6.639845146455712
1788,-6.639946008443625
1789,-2.1220864
1790,-2.1220864
1791,-1.8701440000000018
1792,-1.450240000000004
1793,-10.87014399999999
1794,-10.87014399999999
1795,2.3599999999999963
1796,-0.7504000000000008
1797,0.41599999999999737
1798,2.3599999999999963
1799,-8.583999999999994
1800,-8.583999999999994
1801,0.0
1802,0.0
1803,0.0
1804,0.0
1805,0.0
1806,0.0
1807,-2.4823680456269615
1808,-2.4510223974400023
1809,-2.4706133777868695
1810,-2.4706134030965585
1811,-11.470582157851446
1812,-11.470593218892528
1813,-2.3639510582897048
1814,-2.122086400000004
1815,-2.273251339228387
1816,-2.2732518162290405
1817,-11.273233962461717
1818,-11.273028277127604
1819,-2.470613421420784
1820,-2.418370662400003
1821,-2.451022351351901
1822,-2.451022386106422
1823,-11.450999770808975
1824,-11.451012545126506
1825,-2.497714890757082
1826,-2.493652502708222
1827,-2.496191490809764
1828,-2.4961914906457134
1829,-11.49618616984313
1830,-11.496187135349896
1831,0.0
1832,0.0
1833,0.0
1834,0.0
1835,0.0
1836,0.0
1837,-2.497714892063522
1838,-2.493652502708222
1839,-2.496191497385657
1840,-2.4961914794354523
1841,-11.496172741474433
1842,-11.496160268102196
1843,-2.4894207804437656
1844,-2.4706134384639964
1845,-2.482368055261698
1846,-2.482368052141673
1847,-11.48236758991144
1848,-11.482345200450304
1849,-1.450240000000004
1850,-2.1220864
1851,-1.8701440000000038
1852,-1.8701440000000038
1853,-10.87014399999999
1854,-10.87014399999999
1855,-2.3639511040000043
1856,-2.4510223974400023
1857,-2.418370662400003
1858,-2.418370662400003
1859,-11.418370662400003
1860,-11.418370662400003
1861,0.0
1862,0.0
1863,0.0
1864,0.0
1865,0.0
1866,0.0
1867,-2.273251840000004
1868,-2.418370662400003
1869,-2.3639511040000003
1870,-2.3639511040000003
1871,-11.363951104
1872,-11.363951104
1873,-2.4936524116827194
1874,-2.482368063078398
1875,-2.48942079202606
1876,-2.489420707579748
1877,-11.489386195426656
1878,-11.489407267770643
1879,-2.482367942371075
1880,-2.4510223974400023
1881,-2.4706134176389063
1882,-2.4706133902880976
1883,-11.470598339158702
1884,-11.470585492120687
1885,-2.4936524633356694
1886,-2.482368063078398
1887,-2.4894206182708114
1888,-2.489420834601458
1889,-11.489416590548299
1890,-11.489420628481186
1891,0.0
1892,0.0
1893,0.0
1894,0.0
1895,0.0
1896,0.0
1897,-0.7504000000000028
1898,2.3599999999999963
1899,0.41599999999999737
1900,0.41599999999999737
1901,-8.583999999999994
1902,-8.583999999999994
1903,-2.27325184
1904,-1.8701440000000038
1905,-2.1220864
1906,-2.1220864
1907,-11.122086399999999
1908,-11.122086399999999
1909,10.999999999999991
1910,2.3599999999999963
1911,5.599999999999993
1912,5.599999999999993
1913,-3.400000000000006
1914,-3.400000000000006
1915,-2.1220864
1916,-1.450240000000004
1917,-1.8701440000000038
1918,-1.8701440000000038
1919,-10.87014399999999
1920,-10.87014399999999
1921,0.0
1922,0.0
1923,0.0
1924,0.0
1925,0.0
1926,0.0
1927,-2.489420835247586
1928,-2.470613438464001
1929,-2.489420831894272
1930,-2.482368061791728
1931,-11.482367945979938
1932,-11.482367478130774
1933,-2.418370655742772
1934,-2.273251840000004
1935,-2.418370661413598
1936,-2.3639510648689726
1937,-11.363950332224455
1938,-11.363950338254885
1939,-2.4823680594414044
1940,-2.451022397439998
1941,-2.4823679803885716
1942,-2.4706134331744325
1943,-11.470613382529343
1944,-11.470611216777456
1945,-2.4961914940894476
1946,-2.4894208378470393
1947,-2.4894208378470393
1948,-2.4936525001397434
1949,-11.493637591652075
1950,-11.493652231407596
1951,0.0
1952,0.0
1953,0.0
1954,0.0
1955,0.0
1956,0.0
1957,-2.4961914829460294
1958,-2.4894208378470393
1959,-2.4894208378470393
1960,-2.4936524668122972
1961,-11.493649652577131
1962,-11.493651599650063
1963,-2.482368044349707
1964,-2.451022397439998
1965,-2.451022397439998
1966,-2.470613416810154
1967,-11.470604586876322
1968,-11.470574343532634
1969,-2.418370659471963
1970,-2.273251840000004
1971,-2.418370656712877
1972,-2.363951100825098
1973,-11.363949499249872
1974,-11.363949118533274
1975,-2.4894208378470375
1976,-2.470613438464001
1977,-2.4894208378469505
1978,-2.482368063078396
1979,-11.482368063078066
1980,-11.482368063078322
1981,0.0
1982,0.0
1983,0.0
1984,0.0
1985,0.0
1986,0.0
1987,-2.48236805953493
1988,-2.4510223974400063
1989,-2.4823680628240288
1990,-2.4706134376702544
1991,-11.470612375408171
1992,-11.470612480459597
1993,-2.4894207792642367
1994,-2.470613438464001
1995,-2.470613438464001
1996,-2.4823679836207173
1997,-11.482362323268449
1998,-11.48236134934683
1999,-2.4706133449722305
2000,-2.418370662400003
2001,-2.4183706623999988
2002,-2.451022281966038
2003,-11.451011353765638
2004,-11.451005750085377
2005,-2.4894207545109275
2006,-2.470613438464001
2007,-2.470613438464001
2008,-2.482368035454038
2009,-11.482351609069273
2010,-11.482366437488976
2011,0.0
2012,0.0
2013,0.0
2014,0.0
2015,0.0
2016,0.0
2017,-1.4500356638752405
2018,0.41599999999999737
2019,-1.4496863094250212
2020,-0.7526481834905552
2021,-9.700832323624615
2022,-9.721306190505885
2023,-2.1032540553032084
2024,-1.450240000000004
2025,-1.450332587868135
2026,-1.8686927872188008
2027,-10.85409318157086
2028,-10.819120801272181
2029,-1.4537982718296034
2030,0.41599999999999737
2031,-1.449591789326498
2032,-0.7524780771163242
2033,-9.71470316223314
2034,-9.73798637423141
2035,-1.85248702580046
2036,-0.7504000000000028
2037,-0.7516747163220816
2038,-1.4497459840345517
2039,-10.337219778840257
2040,-10.444311861197255
2041,0.0
2042,0.0
2043,0.0
2044,0.0
2045,0.0
2046,0.0
2047,-2.493652470930096
2048,-2.482368063078398
2049,-2.4894208345741746
2050,-2.482368063078398
2051,-11.489419634834173
2052,-11.489419524128492
2053,-2.451022276527076
2054,-2.3639511040000003
2055,-2.4183706460237304
2056,-2.3639511040000003
2057,-11.41836927947165
2058,-11.41834996522622
2059,-2.4894208238072184
2060,-2.4706134384639964
2061,-2.482368059706481
2062,-2.4706134384639964
2063,-11.482354319328111
2064,-11.48232492243708
2065,-2.493652496457985
2066,-2.482368063078398
2067,-2.4894208337171855
2068,-2.4936525009472836
2069,-11.489420671575672
2070,-11.489420784536478
2071,0.0
2072,0.0
2073,0.0
2074,0.0
2075,0.0
2076,0.0
2077,-2.4936525013414172
2078,-2.482368063078398
2079,-2.4894208357288847
2080,-2.493652500484287
2081,-11.489419528907774
2082,-11.489420497350299
2083,-2.4706134331083063
2084,-2.4183706623999988
2085,-2.4510223891566745
2086,-2.4706134030889766
2087,-11.451019632588375
2088,-11.451021305729835
2089,-2.4510222514903375
2090,-2.3639511040000003
2091,-2.4183706402001213
2092,-2.3639511040000003
2093,-11.418369603699059
2094,-11.418347583936379
2095,-2.493652497433747
2096,-2.4823680630784026
2097,-2.4894208136222473
2098,-2.482368063078398
2099,-11.489412932633828
2100,-11.489417761810023
2101,0.0
2102,0.0
2103,0.0
2104,0.0
2105,0.0
2106,0.0
2107,-2.4894208307361056
2108,-2.470613438464001
2109,-2.482368049575536
2110,-2.470613438464001
2111,-11.48236709305017
2112,-11.482364502519339
2113,-2.482368049191641
2114,-2.4510223974400023
2115,-2.4706134369459924
2116,-2.48236806161583
2117,-11.47060824381703
2118,-11.470613023519334
2119,-2.4510223974398584
2120,-2.3639511040000003
2121,-2.418370662399851
2122,-2.451022397439644
2123,-11.418370662361408
2124,-11.418370662361498
2125,-2.4823680592227566
2126,-2.4510223974400023
2127,-2.470613430294508
2128,-2.482368058657013
2129,-11.470605537615413
2130,-11.470613380918053
2131,0.0
2132,0.0
2133,0.0
2134,0.0
2135,0.0
2136,0.0
2137,-1.851431265614038
2138,-0.7504000000000028
2139,-1.4497131950630777
2140,-0.7539677960784175
2141,-10.414780894304599
2142,-10.324757599600883
2143,-1.8693205809958426
2144,-0.7504000000000028
2145,-1.450181995234156
2146,-1.8692031059893013
2147,-10.436598025458933
2148,-10.444951899052151
2149,-1.8582991326900176
2150,-0.7504000000000028
2151,-1.4500581848989968
2152,-0.7522525024982516
2153,-10.439059900270856
2154,-10.441238264308497
2155,-1.4504606623312128
2156,0.41599999999999737
2157,-0.7572829732112973
2158,-1.4492710662792165
2159,-9.717860922114198
2160,-9.657309808325211
2161,0.0
2162,0.0
2163,0.0
2164,0.0
2165,0.0
2166,0.0
2167,-2.496191500041604
2168,-2.4894208378470393
2169,-2.49619149668938
2170,-2.4936524108605385
2171,-11.49364609583871
2172,-11.493650481855173
2173,-2.470613425628288
2174,-2.418370662400003
2175,-2.470613430145132
2176,-2.4510223942263347
2177,-11.451020728786741
2178,-11.451022176719244
2179,-2.493652500751719
2180,-2.482368063078398
2181,-2.4936524889602985
2182,-2.489420831784322
2183,-11.489417003178831
2184,-11.489411766660668
2185,-2.489420733666849
2186,-2.470613438464001
2187,-2.470613438464001
2188,-2.482367927181423
2189,-11.482346996745564
2190,-11.482363365886103
2191,0.0
2192,0.0
2193,0.0
2194,0.0
2195,0.0
2196,0.0
2197,-2.4894207570922893
2198,-2.470613438464001
2199,-2.470613438464001
2200,-2.482368051950248
2201,-11.482342439956039
2202,-11.482314704738902
2203,-2.451019966532429
2204,-2.3639511040000003
2205,-2.3639511040000003
2206,-2.418369936535718
2207,-11.418328256606198
2208,-11.41829794284862
2209,-2.4706132586823673
2210,-2.418370662400007
2211,-2.4706134265706328
2212,-2.4510223963016533
2213,-11.451019215310652
2214,-11.451015264406506
2215,-2.496191494013419
2216,-2.4894208378470437
2217,-2.4961915011509577
2218,-2.493652500841753
2219,-11.493651720511856
2220,-11.4936436421663
2221,0.0
2222,0.0
2223,0.0
2224,0.0
2225,0.0
2226,0.0
2227,-2.493652490121351
2228,-2.4823680630784026
2229,-2.4936525012681416
2230,-2.489420832864031
2231,-11.48941439512102
2232,-11.489420121944315
2233,-2.273251840000004
2234,-2.418370662400003
2235,-2.4183706623999988
2236,-2.3639511040000003
2237,-11.363951104
2238,-11.363951104
2239,-1.8701440000000038
2240,-2.27325184
2241,-2.27325184
2242,-2.1220864
2243,-11.122086399999999
2244,-11.122086399999999
2245,-2.273251840000004
2246,-2.418370662400003
2247,-2.4183706623999988
2248,-2.3639511040000003
2249,-11.363951104
2250,-11.363951104
2251,0.0
2252,0.0
2253,0.0
2254,0.0
2255,0.0
2256,0.0
2257,-2.1220864
2258,-1.450240000000004
2259,-2.1220864
2260,-1.8701440000000018
2261,-10.87014399999999
2262,-10.87014399999999
2263,-1.450240000000002
2264,0.41599999999999737
2265,0.41599999999999737
2266,-0.7504000000000028
2267,-9.750399999999994
2268,-9.750399999999994
2269,-2.1220864
2270,-1.450240000000004
2271,-2.1220864
2272,-1.8701440000000038
2273,-10.87014399999999
2274,-10.87014399999999
2275,10.999999999999991
2276,2.3599999999999963
2277,2.3599999999999963
2278,5.599999999999993
2279,-3.400000000000006
2280,-3.400000000000006
2281,0.0
2282,0.0
2283,0.0
2284,0.0
2285,0.0
2286,0.0
2287,-2.497714889404959
2288,-2.493652502708222
2289,-2.496191494397008
2290,-2.493652502708222
2291,-11.496172495025881
2292,-11.496189261411079
2293,-2.4823680503779695
2294,-2.4510223974400023
2295,-2.470613395292568
2296,-2.4510223974400023
2297,-11.470571096736826
2298,-11.470514384805433
2299,-2.4961914864631765
2300,-2.4894208378470393
2301,-2.4936524954941643
2302,-2.4894208378470393
2303,-11.493646722838625
2304,-11.493647666191242
2305,-2.4823680445277363
2306,-2.4510223974400023
2307,-2.47061343361432
2308,-2.482368038017357
2309,-11.470611808986593
2310,-11.470607660092227
2311,0.0
2312,0.0
2313,0.0
2314,0.0
2315,0.0
2316,0.0
2317,-2.4823680553402467
2318,-2.4510223974400023
2319,-2.4706134175894903
2320,-2.482368034666654
2321,-11.470611762339544
2322,-11.470609606443233
2323,-2.418370586626962
2324,-2.273251840000004
2325,-2.363950781096437
2326,-2.4183704677353055
2327,-11.363949620667935
2328,-11.363947764724138
2329,-2.482368037040622
2330,-2.4510223974400023
2331,-2.470613409098452
2332,-2.4510223974400023
2333,-11.47054713400794
2334,-11.470606276476854
2335,-2.497714800740901
2336,-2.4936525027082266
2337,-2.4961914989216107
2338,-2.4936525027082266
2339,-11.496156884324062
2340,-11.496184923127105
2341,0.0
2342,0.0
2343,0.0
2344,0.0
2345,0.0
2346,0.0
2347,-2.4961914895407755
2348,-2.4894208378470393
2349,-2.4936524537536524
2350,-2.4894208378470393
2351,-11.493644473405395
2352,-11.49362361161795
2353,-2.3639511040000003
2354,-2.4510223974399934
2355,-2.418370662399992
2356,-2.3639511040000003
2357,-11.41837066239795
2358,-11.418370662397502
2359,-2.122086400000004
2360,-2.3639511040000003
2361,-2.2732518399999604
2362,-2.1220864
2363,-11.273251839999237
2364,-11.273251839986791
2365,-2.3639511040000003
2366,-2.4510223974399907
2367,-2.41837066239991
2368,-2.3639511040000003
2369,-11.418370662387884
2370,-11.418370662298544
2371,0.0
2372,0.0
2373,0.0
2374,0.0
2375,0.0
2376,0.0
2377,-2.2724141905700006
2378,-1.8701472740382727
2379,-2.122032331915872
2380,-1.8701440000000038
2381,-11.114123542053182
2382,-11.117798541107001
2383,-0.7504739471053998
2384,2.3599999999999963
2385,0.4125654344624555
2386,-0.7504641078356156
2387,-8.548822398303775
2388,-8.563228095344936
2389,-2.2730376866937565
2390,-1.8701810147395181
2391,-2.1218813263103384
2392,-1.8701440000000038
2393,-11.120607476893056
2394,-11.107016027901432
2395,5.599999999999993
2396,0.41599999999999737
2397,2.3599999999999963
2398,5.599999999999993
2399,-6.640000000000003
2400,-6.640000000000003
2401,0.0
2402,0.0
2403,0.0
2404,0.0
2405,0.0
2406,0.0
2407,-2.4823661326027104
2408,-2.470613438464001
2409,-2.48235664835942
2410,-2.4823192783665364
2411,-11.477392149838453
2412,-11.470767732711947
2413,-2.363918005030508
2414,-2.27325184
2415,-2.363895347468001
2416,-2.3638643107858206
2417,-11.35277131814926
2418,-11.340439338950484
2419,-2.470585879504788
2420,-2.4510223974400023
2421,-2.470603883656466
2422,-2.47061012465745
2423,-11.454459431515957
2424,-11.455160437474664
2425,-2.4977132454715667
2426,-2.49619150162493
2427,-2.497711410447687
2428,-2.497712889327802
2429,-11.494160834656736
2430,-11.49531600584098
2431,0.0
2432,0.0
2433,0.0
2434,0.0
2435,0.0
2436,0.0
2437,-2.497712799650207
2438,-2.49619150162493
2439,-2.4977132592963565
2440,-2.4977138292623704
2441,-11.494997876653555
2442,-11.495760690213913
2443,-2.4894155639966162
2444,-2.482368063078398
2445,-2.489400536134185
2446,-2.4894191595765776
2447,-11.486819731288584
2448,-11.477587529859363
2449,-1.450240000000004
2450,-1.8701440000000018
2451,-1.450240000000004
2452,-1.450240000000004
2453,-0.7504000000000028
2454,-10.450239999999992
2455,-2.3639511040000003
2456,-2.418370662400003
2457,-2.3639511040000003
2458,-2.3639511040000003
2459,-2.273251840000004
2460,-11.363951104
2461,0.0
2462,0.0
2463,0.0
2464,0.0
2465,0.0
2466,0.0
2467,-2.27325184
2468,-2.3639511040000003
2469,-2.27325184
2470,-2.27325184
2471,-2.122086400000004
2472,-11.273251839999995
2473,-2.4936505846038077
2474,-2.4894208378470393
2475,-2.4936498356159937
2476,-2.493648344122519
2477,-11.486937619603134
2478,-11.490956394719992
2479,-2.482304505249605
2480,-2.470613438464001
2481,-2.4823541991890345
2482,-2.4823492626375883
2483,-11.47143615233565
2484,-11.474788163881646
2485,-2.4936473054756165
2486,-2.4894208378470393
2487,-2.4936463139274796
2488,-2.493649787666201
2489,-11.4909834454896
2490,-11.491859446460577
2491,0.0
2492,0.0
2493,0.0
2494,0.0
2495,0.0
2496,0.0
2497,-0.7504000000000028
2498,0.41599999999999737
2499,-0.7504000000000028
2500,-0.7504000000000028
2501,-9.750399999999994
2502,-1.450240000000002
2503,-2.27325184
2504,-2.122086400000004
2505,-2.27325184
2506,-2.27325184
2507,-11.273251839999995
2508,-2.3639511040000003
2509,10.999999999999991
2510,5.599999999999993
2511,10.999999999999991
2512,10.999999999999991
2513,1.9999999999999922
2514,19.99999999999999
2515,-2.1220864
2516,-1.8701440000000038
2517,-2.1220864
2518,-2.1220864
2519,-11.122086399999999
2520,-2.27325184
2521,0.0
2522,0.0
2523,0.0
2524,0.0
2525,0.0
2526,0.0
2527,-2.4893929116504268
2528,-2.482368063078398
2529,-2.4936169443510723
2530,-2.4894110679576658
2531,-11.473874409832236
2532,-11.485342984358423
2533,-2.4183595764939363
2534,-2.3639511040000003
2535,-2.450987818289893
2536,-2.4183674381678486
2537,-11.417137733097078
2538,-11.413527259971827
2539,-2.4823659547565646
2540,-2.4706134384639964
2541,-2.4894094345941866
2542,-2.48231408522274
2543,-11.47489838970461
2544,-11.47877358927997
2545,-2.4961829742469006
2546,-2.493652502708222
2547,-2.493652502708222
2548,-2.4961789218079984
2549,-11.495423212898514
2550,-11.49545062577548
2551,0.0
2552,0.0
2553,0.0
2554,0.0
2555,0.0
2556,0.0
2557,-2.49618755132968
2558,-2.493652502708222
2559,-2.493652502708222
2560,-2.496189951530066
2561,-11.490667378231846
2562,-11.492647295429604
2563,-2.4823579332348062
2564,-2.4706134384639964
2565,-2.4706134384639964
2566,-2.4823577355286552
2567,-11.469543466277115
2568,-11.476847541672237
2569,-2.4182860705511686
2570,-2.3639511040000003
2571,-2.4508338778154126
2572,-2.418309883566918
2573,-11.39933383188567
2574,-11.404400357945766
2575,-2.489418086284834
2576,-2.482368063078398
2577,-2.493645508665229
2578,-2.4894129519384416
2579,-11.485466551956684
2580,-11.483948987073585
2581,0.0
2582,0.0
2583,0.0
2584,0.0
2585,0.0
2586,0.0
2587,-2.4823231511134614
2588,-2.470613438464001
2589,-2.489400147120692
2590,-2.4823556362658357
2591,-11.477900853625055
2592,-11.478737129314986
2593,-2.489414420346038
2594,-2.482368063078398
2595,-2.482368063078398
2596,-2.4894082221320586
2597,-11.460111471512352
2598,-11.483873086520221
2599,-2.4705679669419753
2600,-2.451022397439998
2601,-2.451022397439998
2602,-2.470572535882115
2603,-11.455007717000651
2604,-11.451486450500656
2605,-2.489414466323783
2606,-2.482368063078398
2607,-2.482368063078398
2608,-2.4894072527742743
2609,-11.483888022553781
2610,-11.467997825909965
2611,0.0
2612,0.0
2613,0.0
2614,0.0
2615,0.0
2616,0.0
2617,-1.1212648724058398
2618,-0.7505612464025995
2619,-1.1053271444449821
2620,-1.124675424293213
2621,-1.96
2622,-1.9369893441126402
2623,-1.8744945782589
2624,-1.8556880138057177
2625,-1.8560445839096618
2626,-1.8758746213599193
2627,-3.589433265246659
2628,-5.524440463733824
2629,-1.3239742990681749
2630,-0.7506372879327792
2631,-1.5503691766920904
2632,-1.3314035365123849
2633,-4.277055570181397
2634,-3.589844921520614
2635,-1.4391941586894212
2636,-1.4377074133835452
2637,-1.4383329261291278
2638,-1.4391941586894212
2639,-1.9060000000000001
2640,-5.510074233671004
2641,0.0
2642,0.0
2643,0.0
2644,0.0
2645,0.0
2646,0.0
2647,-2.493649820199463
2648,-2.4894208378470393
2649,-2.4936512318589683
2650,-2.4894208378470393
2651,-11.492909834671366
2652,-11.483328847401985
2653,-2.451001646873105
2654,-2.4183706623999988
2655,-2.4509702039182986
2656,-2.4183706623999988
2657,-11.427412384384686
2658,-11.441572028986743
2659,-2.4894158275032385
2660,-2.482368063078398
2661,-2.4894168850802187
2662,-2.482368063078398
2663,-11.479896270976624
2664,-11.459586041353997
2665,-2.493649107949079
2666,-2.4894208378470393
2667,-2.4936488778918724
2668,-2.4961808637661718
2669,-11.492073316962346
2670,-11.490754411766927
2671,0.0
2672,0.0
2673,0.0
2674,0.0
2675,0.0
2676,0.0
2677,-2.4936503695888
2678,-2.4894208378470393
2679,-2.4936500959191936
2680,-2.496184401696163
2681,-11.48441059384092
2682,-11.485364021911046
2683,-2.4704125936855763
2684,-2.451022397439998
2685,-2.47060384285741
2686,-2.4823609636444233
2687,-11.455063234237532
2688,-11.463816689568837
2689,-2.4509407596110186
2690,-2.4183706623999988
2691,-2.4509703135386403
2692,-2.4183706623999988
2693,-11.444882542849037
2694,-11.433570760956059
2695,-2.4936393437517057
2696,-2.4894208378470393
2697,-2.4936282056314956
2698,-2.4894208378470393
2699,-11.492521951130577
2700,-11.48436885218385
2701,0.0
2702,0.0
2703,0.0
2704,0.0
2705,0.0
2706,0.0
2707,-2.4894143788240295
2708,-2.482368063078398
2709,-2.4894174117882013
2710,-2.482368063078398
2711,-11.486756123290146
2712,-11.480979578858632
2713,-2.4823627455478103
2714,-2.470613438464001
2715,-2.482292375220891
2716,-2.4894014805736164
2717,-11.478342458041961
2718,-11.478656819469345
2719,-2.4510171042665485
2720,-2.4183706623999988
2721,-2.450983973244416
2722,-2.470586899755307
2723,-11.447774775426433
2724,-11.431826595305628
2725,-2.4823543490026374
2726,-2.470613438464001
2727,-2.482347109186019
2728,-2.489399461761136
2729,-11.476197158253047
2730,-11.48123579315403
2731,0.0
2732,0.0
2733,0.0
2734,0.0
2735,0.0
2736,0.0
2737,-1.4391941586894212
2738,-1.4364495614801935
2739,-1.4386305936071135
2740,-1.4362811035541803
2741,-3.6399724327649765
2742,-4.364060724638371
2743,-1.5869172765633162
2744,-1.4502405729173395
2745,-1.5204790541089697
2746,-1.6388876440532527
2747,-3.5512239098931255
2748,-3.6106192980433685
2749,-1.4797051364858438
2750,-1.4437777696051948
2751,-1.4799597165776621
2752,-1.4433023760344472
2753,-3.6466236484727115
2754,-1.9538951090678531
2755,-1.205538385528627
2756,-0.7504388854756305
2757,-1.1447840503477273
2758,-1.2278404235565537
2759,-3.5733361690520704
2760,-2.8186352620872315
2761,0.0
2762,0.0
2763,0.0
2764,0.0
2765,0.0
2766,0.0
2767,-2.4961902232625834
2768,-2.493652502708222
2769,-2.497714729321592
2770,-2.4961896432454695
2771,-11.493841166156015
2772,-11.495265312900298
2773,-2.4706030220809128
2774,-2.4510223974400023
2775,-2.4823488124983206
2776,-2.470600177168813
2777,-11.463212338402347
2778,-11.461312561498335
2779,-2.493642982352898
2780,-2.4894208378470393
2781,-2.496184544465275
2782,-2.4936513552553525
2783,-11.490761664362681
2784,-11.49210318206088
2785,-2.4893993240094643
2786,-2.482368063078398
2787,-2.482368063078398
2788,-2.489402277725154
2789,-11.483738044108376
2790,-11.487704745854744
2791,0.0
2792,0.0
2793,0.0
2794,0.0
2795,0.0
2796,0.0
2797,-2.4894084407881625
2798,-2.482368063078398
2799,-2.482368063078398
2800,-2.489373739001811
2801,-11.481109285866708
2802,-11.47655161229076
2803,-2.4509642235826745
2804,-2.4183706623999988
2805,-2.4183706623999988
2806,-2.450811615115153
2807,-11.441693360236366
2808,-11.45011156530967
2809,-2.4706038939692445
2810,-2.4510223974400023
2811,-2.4823447368501808
2812,-2.470607264773413
2813,-11.468512110760308
2814,-11.45510679532785
2815,-2.4961897766869954
2816,-2.4936525027082266
2817,-2.4977128353915092
2818,-2.496189940261771
2819,-11.4917536615285
2820,-11.489927120684365
2821,0.0
2822,0.0
2823,0.0
2824,0.0
2825,0.0
2826,0.0
2827,-2.4936520579023016
2828,-2.4894208378470393
2829,-2.496185360714905
2830,-2.4936479711064843
2831,-11.491040802220686
2832,-11.485311888667406
2833,-2.27325184
2834,-2.3639511040000003
2835,-2.3639511040000003
2836,-2.27325184
2837,-2.122086400000004
2838,-11.273251839999995
2839,-1.8701440000000018
2840,-2.1220864
2841,-2.1220864
2842,-1.8701440000000018
2843,-1.450240000000004
2844,-10.87014399999999
2845,-2.27325184
2846,-2.3639511040000003
2847,-2.3639511040000003
2848,-2.27325184
2849,-2.122086400000004
2850,-11.273251839999995
2851,0.0
2852,0.0
2853,0.0
2854,0.0
2855,0.0
2856,0.0
2857,-2.1220864
2858,-1.8701440000000038
2859,-2.27325184
2860,-2.1220864
2861,-11.122086399999999
2862,-2.27325184
2863,-1.450240000000002
2864,-0.7504000000000028
2865,-0.7504000000000028
2866,-1.450240000000002
2867,-10.450239999999992
2868,-1.8701440000000018
2869,-2.1220864
2870,-1.8701440000000038
2871,-2.27325184
2872,-2.1220864
2873,-11.122086399999999
2874,-2.27325184
2875,10.999999999999991
2876,5.599999999999993
2877,5.599999999999993
2878,10.999999999999991
2879,1.9999999999999922
2880,19.99999999999999
2881,0.0
2882,0.0
2883,0.0
2884,0.0
2885,0.0
2886,0.0
2887,-2.4977139168163753
2888,-2.49619150162493
2889,-2.4977135884576405
2890,-2.49619150162493
2891,-11.496584544987451
2892,-11.494385023648235
2893,-2.4823663539728007
2894,-2.470613438464001
2895,-2.4823467120508678
2896,-2.470613438464001
2897,-11.469686939186593
2898,-11.472125354615232
2899,-2.4961859806958793
2900,-2.493652502708222
2901,-2.4961861789312088
2902,-2.493652502708222
2903,-11.484529803726996
2904,-11.474747999743716
2905,-2.4823432319782777
2906,-2.470613438464001
2907,-2.482338985683647
2908,-2.4894170087159084
2909,-11.476185242983457
2910,-11.470689620287743
2911,0.0
2912,0.0
2913,0.0
2914,0.0
2915,0.0
2916,0.0
2917,-2.4823606884378973
2918,-2.470613438464001
2919,-2.4823421240368373
2920,-2.489393567556574
2921,-11.480477502830233
2922,-11.471047235242562
2923,-2.4183569741121436
2924,-2.3639511040000003
2925,-2.4183416855126767
2926,-2.4509537464975883
2927,-11.413526791382546
2928,-11.41440325448567
2929,-2.4823625843681913
2930,-2.470613438464001
2931,-2.482344482742826
2932,-2.470613438464001
2933,-11.47870609891003
2934,-11.476339960774048
2935,-2.4977124233493497
2936,-2.4961915016249345
2937,-2.497713912786104
2938,-2.4961915016249345
2939,-11.493287195637407
2940,-11.48925248768606
2941,0.0
2942,0.0
2943,0.0
2944,0.0
2945,0.0
2946,0.0
2947,-2.49618486532851
2948,-2.493652502708222
2949,-2.496185408900155
2950,-2.493652502708222
2951,-11.4885149293534
2952,-11.490659023438901
2953,-2.3639511040000003
2954,-2.4183706623999988
2955,-2.3639511040000003
2956,-2.273251840000004
2957,-11.363951104
2958,-11.363951103999995
2959,-2.122075930642066
2960,-2.2732232319795536
2961,-2.122081414342045
2962,-1.8701440000000038
2963,-11.121624658928965
2964,-11.121661359841822
2965,-2.3639511040000003
2966,-2.4183706623999988
2967,-2.3639511040000003
2968,-2.273251840000004
2969,-11.363951104
2970,-11.363951104
2971,0.0
2972,0.0
2973,0.0
2974,0.0
2975,0.0
2976,0.0
2977,-2.2604967993362246
2978,-2.1220864
2979,-2.267203094823947
2980,-2.1220864
2981,-10.914721118071819
2982,-10.876865310169485
2983,-0.7898769799913541
2984,0.41599999999999737
2985,-0.7770662310740708
2986,-1.4431654963366307
2987,-9.35297222188538
2988,-9.302486404756449
2989,-2.2558758339480236
2990,-2.1220864
2991,-2.2684026882587984
2992,-2.1220864
2993,-10.730301282554759
2994,-10.947289079430883
2995,5.599999999999993
2996,2.3599999999999963
2997,5.599999999999993
2998,10.999999999999991
2999,-3.400000000000006
3000,-3.400000000000006
